day,repetition code,short,long,,
1,2_times,"Nothing I see in this room [on this street, from this window, in this place] means anything","This table does not mean anything.
This chair does not mean anything.
This hand does not mean anything.
This foot does not mean anything.
This pen does not mean anything.

That door does not mean anything.
That body does not mean anything.
That lamp does not mean anything.
That sign does not mean anything.
That shadow does not mean anything.",,
2,2_times,"I have given everything I see in this room on this street, from this window, in this place] all the meaning that it has for me.","I have given everything I see int this room [on this street, from this window, in this place] all the meaning that it has for me.",,
3,2_times,"I do not understand anything I see in this room on this street, from this window, in this place].","I do not understand anything I see in this room on this street, from this window, in this place].",,
4,"3_times, 4_times","These thoughts do not mean anything,  They are like the things I see in this room on this street, from this window, in this place.]","This thought about ___ does not mean anything.
It is like the things I see in this room [on this street, and so on].",,
5,"3_times, 4_times",I am never upset for the reason I think.,"I am not angry at ___ for the reason I think.
I am not afraid of ___ for the reason I think.",,
6,"3_times, 4_times",I am upset because I see something that is not there.,"I am angry at ____ because I see something that is not there.

I am worried about ____ because I see something that is not there.",,
7,"3_times, 4_times",I see only the past.,"I see only the past in this pencil.
I see only the past in this shoe.
I see only the past in this hand.
I see only the past in that body.
I see only the past in that face.",,
8,"4_times, 5_times",My mind is preoccupied with past thoughts.,"I seem to be thinking about ___.

I seem to be thinking about [name of a person], about [name of an object], about [name of an emotion]………But my mind is preoccupied with past thoughts.",,
9,"3_times, 4_times",I see nothing as it is now.,"I do not see this typewriter as it is now. 
I do not see this telephone as it is now.
I do not see this arm as it is now.

Farther away ……… 

I do not see that coat rack as it is now.
I do not see that door as it is now. 
I do not see that face as it is now.",,
10,5_times,My thoughts do not mean anything.,,,"My thoughts do not mean anything.

Then add:

This idea will help to release me from all that I now believe."
11,3_times,My meaningless thoughts are showing me a meaningless world.,My meaningless thoughts are showing me a meaningless world.,,
12,"3_times, 4_times",I am upset because I see a meaningless world.,"I think I see a fearful world, a dangerous world, a hostile world, sad world, a wicked world, a crazy world, and so on ………

At the end of the practice period, add:

But I am upset because I see a meaningless world.",,
13,"3_times, 4_times",A meaningless world engenders fear.,"A meaningless world engenders fear.

I am looking at a meaningless world.

Repeat this statement to yourself as you look about. Then close your eyes, and conclude with:

A meaningless world engenders fear because I think I am in competition with God.",,
14,"3_times, 4_times",God did not create a meaningless world.,"God did not create that war, and so it is not real. 
God did not create that airplane crash, and so it is not real. 
God did not create that disaster [specify], and so it is not real.

Conclude the practice periods by repeating today's idea:

God did not create a meaningless world.",,
15,"3_times, 4_times",My thoughts are images that I have made.,"My thoughts are images that I have made.

This ___ is an image that I have made.
That ___ is an image that I have made.",,
16,"4_times, 5_times",I have no neutral thoughts,"I have no neutral thoughts.

This thought about ________ is not a neutral thought.
That thought about ________ is not a neutral thought.",,
17,"3_times, 4_times",I see no neutral things.,"I see no neutral things because I have no neutral thoughts.

I do not see a neutral ___, because my thoughts about ___ are not neutral.

For example, I do not see a neutral wall, because my thoughts about walls are not neutral. 

I do not see a neutral body, because my thoughts about bodies are not neutral.",,
18,"3_times, 4_times",I am not alone in experiencing the effects of my seeing.,"I am not alone in experiencing the effects of how I see _________.

I am not alone in experiencing the effects of my seeing.",,
19,"3_times, 4_times",I am not alone in experiencing the effects of my thoughts.,I am not alone in experiencing the effects of this thought about _______.,,
20,every_30_minutes,I am determined to see.,I am determined to see.,,
21,5_times,I am determined to see things differently.,"I am determined to see things differently

I am determined to see ________ [name of person] differently.

I am determined to see ________ [specify the situation] differently.

I am determined to see ________ [specify the attribute] in 
________ [name of person] differently.",,
22,5_times,What I see is a form of vengeance.,"I see only the perishable. 
I see nothing that will last. 
What I see is not real.
What I see is a form of vengeance.

Is this the world I really want to see?",,
23,5_times,I can escape from the world I see by giving up attack thoughts.,"I can escape from the world I see by giving up attack thoughts. 

I can escape from the world I see by giving up attack thoughts about ______.",,
24,5_times,I do not perceive my own best interests.,"I do not perceive my own best interests.

In the situation involving ______, I would like ______ 
to happen, and ______ to happen,

and so on. 

I do not perceive my own best interests in this situation.",,
25,6_times,I do not know what anything is for.,"I do not know what anything is for.

I do not know what this chair is for.
I do not know what this pencil is for. 
I do not know what this hand is for.",,
26,6_times,My attack thoughts are attacking my invulnerability .,"
My attack thoughts are attacking my invulnerability.

I am concerned about ______.

I am afraid ______ will happen.

After you have named each outcome of which you are afraid, tell yourself:

That thought is an attack upon myself.

My attack thoughts are attacking my invulnerability.",,
27,every_30_minutes,Above all else I want to see.,"Above all else I want to see. 

If you become uneasy about the lack of reservation involved, add:

Vision has no cost to anyone.

If fear of loss still persists, add further:

It can only bless.",,
28,6_times,Above all else I want to see things differently.,"Above all else I want to see things differently.  

Above all else I want to see this ______ differently.",,
29,every_hour,God is in everything I see.,,"God is in everything I see.

God is in this coat hanger. 
God is in this magazine. 
God is in this finger. 
God is in this lamp. 
God is in that body. 
God is in that door. 
God is in that waste basket.",
30,,God is in everything I see because God is in my mind.,God is in everything I see because God is in my mind.,,
31,2_times,I am not the victim of the world I see.,I am not the victim of the world I see.,,
32,2_times,I have invented the world I see.,I have invented the world I see.,,
33,2_times,There is another way of looking at the world.,There is another way of looking at the world.,,
34,3_times,I could see peace instead of this.,"I could see peace in this situation instead of what I now see in it.

I can replace my feelings of depression, anxiety or worry [or my thoughts about this situation, personality or event] with peace.",,
35,3_times,My mind is part of God's. I am very holy.,"My mind is part of God's. I am very holy.

I see myself as imposed on. 
I see myself as depressed. 
I see myself as failing. 
I see myself as endangered. 
I see myself as helpless. 
I see myself as victorious. 
I see myself as losing out. 
I see myself as charitable. 
I see myself as virtuous.

After you have named each one, add:

But my mind is part of God's. I am very holy.",,
36,4_times,My holiness envelops everything I see.,"Shorter Practice Periods:

My holiness envelops everything I see.

Longer Practice Periods:

My holiness envelops that rug
My holiness envelops that wall.
My holiness envelops these fingers.
My holiness envelops that chair.
My holiness envelops that body.
My holiness envelops this pen.",,
37,4_times,My holiness blesses the world.,"Shorter Practice Periods:

My holiness blesses the world.

Longer Practice Periods:

My holiness blesses this chair 
My holiness blesses that window 
My holiness blesses this body.

Then close your eyes and apply the idea to any person who occurs to you, using his name and saying

My holiness blesses you, [name].",,
38,4_times,There is nothing my holiness cannot do.,"Shorter Practice Periods:

There is nothing my holiness cannot do.

Longer Practice Periods:

In the situation involving _____ in which I see myself, there is nothing that my holiness cannot do.
In the situation involving _____ in which _____ sees himself, there is nothing my holiness cannot do.

There is nothing my holiness cannot do because the power of God lies in it.",,
39,"every_15_minutes, every_20_minutes",My holiness is my salvation.,"Shorter Practice:

My holiness is my salvation.
If guilt is hell, what is it's opposite? 
My holiness is my salvation from this.

Longer Practice:

My unloving thoughts about _____ are keeping me in hell. 
My holiness is my salvation.


If guilt is hell, what is its opposite?
",,
40,every_10_minutes,I am blessed as a Son of God..,"I am blessed as a Son of God. 
I am happy, peaceful, loving and contented.

Another might take this form:

I am blessed as a Son of God. 
I am calm, quiet, assured and confident.

If only a brief period is available, merely telling yourself that you are blessed as a Son of God will do.",,
41,,God goes with me wherever I go.,,God goes with me wherever I go.,
42,,God is my strength. Vision is His gift.,"God is my strength. Vision is His gift. 

Vision must be possible. God gives truly,
or:
God's gifts to me must be mine, because He gave them to me.",,
43,,God is my Source. I cannot see apart from Him.,"God is my Source. I cannot see apart from Him.
God is my Source. I cannot see this desk apart from Him.
God is my Source. I cannot see that picture apart from Him.
God is my Source. I cannot see apart from Him.

I see through the eyes of forgiveness. 
I see the world as blessed. 
The world can show me myself. 
I see my own thoughts, which are like God's

",,
44,,God is the light in which I see.,God is the light in which I see.,,
45,,God is the Mind with which I think.,"God is the Mind with which I think.

My real thoughts are in my mind. I would like to find them.",,
46,3_times,God is the Love in which I forgive.,"Shorter Practice:

God is the Love in which I forgive.
God is the Love in which I forgive you.

Longer Practice:

God is the Love in which I forgive you, [name].
God is the Love in which I forgive myself………",,
47,4_times,God is the strength in which I trust.,God is the strength in which I trust.,,
48,,There is nothing to fear.,There is nothing to fear.,,
49,4_times,God's Voice speaks to me all through the day.,God's Voice speaks to me all through the day.,,
50,2_times,I am sustained by the love of God.,I am sustained by the love of God.,,
51,2_times,"(1) Nothing I see means anything.
(2) I have given what I see all the meaning it has for me.
(3) I do not understand anything I see.
(4) These thoughts do not mean anything.
(5) I am never upset for the reason I think.","(1) Nothing I see means anything.
(2) I have given what I see all the meaning it has for me.
(3) I do not understand anything I see.
(4) These thoughts do not mean anything.
(5) I am never upset for the reason I think.",,
52,2_times,"(6) I am upset because I see what is not there.
(7) I see only the past.
(8) My mind is preoccupied with past thoughts.
(9) I see nothing as it is now.
(10) My thoughts do not mean anything.","(6) I am upset because I see what is not there.
(7) I see only the past.
(8) My mind is preoccupied with past thoughts.
(9) I see nothing as it is now.
(10) My thoughts do not mean anything.",,
53,2_times,"(11) My meaningless thoughts are showing me a meaningless world.
(12) I am upset because I see a meaningless world.
(13) A meaningless world engenders fear.
(14) God did not create a meaningless world.
(15) My thoughts are images that I have made.","(11) My meaningless thoughts are showing me a meaningless world.
(12) I am upset because I see a meaningless world.
(13) A meaningless world engenders fear.
(14) God did not create a meaningless world.
(15) My thoughts are images that I have made.",,
54,2_times,"(16) I have no neutral thoughts.
(17) I see no neutral things.
(18) I am not alone in experiencing the effects of my seeing.
(19) I am not alone in experiencing the effects of my thoughts.
(20) I am determined to see.","(16) I have no neutral thoughts.
(17) I see no neutral things.
(18) I am not alone in experiencing the effects of my seeing.
(19) I am not alone in experiencing the effects of my thoughts.
(20) I am determined to see.",,
55,2_times,"(21) I am determined to see things differently.
(22) What I see is a form of vengeance.
(23) I can escape from this world by giving up attack thoughts.
(24) I do not perceive my own best interests.
(25) I do not know what anything is for.","(21) I am determined to see things differently.
(22) What I see is a form of vengeance.
(23) I can escape from this world by giving up attack thoughts.
(24) I do not perceive my own best interests.
(25) I do not know what anything is for.",,
56,2_times,"(26) My attack thoughts are attacking my invulnerability.
(27) Above all else I want to see.
(28) Above all else I want to see differently.
(29) God is in everything I see.
(30) God is in everything I see because God is in my mind.","(26) My attack thoughts are attacking my invulnerability.
(27) Above all else I want to see.
(28) Above all else I want to see differently.
(29) God is in everything I see.
(30) God is in everything I see because God is in my mind.",,
57,2_times,"(31) I am not the victim of the world I see.
(32) I have invented the world I see.
(33) There is another way of looking at the world.
(34) I could see peace instead of this.
(35) My mind is part of God's. I am very holy.","(31) I am not the victim of the world I see.
(32) I have invented the world I see.
(33) There is another way of looking at the world.
(34) I could see peace instead of this.
(35) My mind is part of God's. I am very holy.",,
58,2_times,"(36) My holiness envelops everything I see.
(37) My holiness blesses the world.
(38) There is nothing my holiness cannot do.
(39) My holiness is my salvation.
(40) I am blessed as a Son of God.","(36) My holiness envelops everything I see.
(37) My holiness blesses the world.
(38) There is nothing my holiness cannot do.
(39) My holiness is my salvation.
(40) I am blessed as a Son of God.",,
59,2_times,"(41) God goes with me wherever I go.
(42) God is my strength. Vision is His gift.
(43) God is my Source. I cannot see apart from Him.
(44) God is the light in which I see.
(45) God is the Mind with which I think.","(41) God goes with me wherever I go.
(42) God is my strength. Vision is His gift.
(43) God is my Source. I cannot see apart from Him.
(44) God is the light in which I see.
(45) God is the Mind with which I think.",,
60,2_times,"(46) God is the Love in which I forgive.
(47) God is the strength in which I trust.
(48) There is nothing to fear.
(49) God's Voice speaks to me all through the day.
(50) I am sustained by the Love of God.","(46) God is the Love in which I forgive.
(47) God is the strength in which I trust.
(48) There is nothing to fear.
(49) God's Voice speaks to me all through the day.
(50) I am sustained by the Love of God.",,
61,2_times,I am the light of the world.,I am the light of the world. That is my only function. That is why I am here.,,
62,2_times,Forgiveness is my function as the light of the world.,"Forgiveness is my function as the light of the world. I would fulfill my function that I may be happy.

Should your attention wander, repeat the idea and add:

I would remember this because I want to be happy.",,
63,2_times,The light of the world brings peace to every mind through my forgiveness.,The light of the world brings peace to every mind through my forgiveness. I am the means God has appointed for the salvation of the world.,,
64,1_time,Let me not forget my function.,"Let me not forget my function. Let me not try to substitute mine for God's. Let me forgive and be happy.

This is the world it is my function to save.",,
65,every_hour,My only function is the one God gave me. I want no other and I have no other.,"My only function is the one God gave me.

Watch thoughts ……… 

This thought reflects a goal that is preventing me from accepting my only function…………

On this clean slate let my true function be written for me.",,
66,every_30_minutes,"My happiness and function are one, because God has given me both.","God gives me only happiness.
He has given my function to me.
Therefore my function must be happiness.",,
67,,Love created me like itself.,"Holiness created me holy.
Kindness created me kind. 
Helpfulness created me helpful. 
Perfection created me perfect.",,
68,,"For thoughts of grievance:  Love holds no grievances. Let me not betray my Self.

Love holds no grievances. I would wake to my Self by laying all my grievances aside and wakening in Him.","I would see you as my friend, that I may remember you are part of me and come to know myself.

Love holds no grievances. When I let all my grievances go I will know I am perfectly safe.",,
69,,My grievances hide the light of the world in me.,"My grievances hide the light of the world in me. I cannot see what I have hidden. Yet I want to let it be revealed to me, for my salvation and the salvation of the world.

If you are tempted to hold anything against anyone today:

If I hold this grievance the light of the world will be hidden from me.",,
70,,My salvation comes from me. Nothing outside of me can hold me back. Within me is the world's salvation and my own.,"My salvation comes from me. It cannot come from anywhere else.

Review some of the external places you have looked for salvation ………",,
71,"every_8_minutes, every_10_minutes",Holding grievances is the opposite of God's plan for salvation. And only His plan will work.,"What would You have me do?
Where would You have me go?
What would You have me say, and to whom?",,
72,"every_hour, every_30_minutes","Holding grievances is an attack on God's plan for salvation. Let me accept it instead. What is salvation, Father?","What is salvation, Father? I do not know. Tell me, that I may understand.",,
73,every_20_minutes,I will there be light. Darkness is not my will.,I will there be light. Let me behold the light that reflects God's Will and mine.,,
74,every_15_minutes,There is no will but God's. I seek His peace today.,"There is no will but God's. I cannot be in conflict.

Add related thoughts, such as:

I am at peace.
Nothing can disturb me. My will is God's.
My will and God's are one. 
God wills peace for His Son.

For conflict thoughts that may cross your mind:

There is no will but God's. These conflict thoughts are meaningless.

For particularly difficult one's tell yourself:

There is no will but God's. I share it with Him. My conflicts about _____ cannot be real.",,
75,every_30_minutes,The light has come. I have forgiven the world.,"Give thanks, etc. Then say:

The light has come. I have forgiven the world.

To anyone who seems to pull you back into darkness:

The light has come. I have forgiven you.",,
76,"every_15_minutes, every_12_minutes",I am under no laws but God's.,I am under no laws but God's.,,
77,,I am entitled to miracles.,"I am entitled to miracles.

Should you be tempted:

I will not trade miracles for grievances. I want only what belongs to me. God has established miracles as my right.",,
78,,Let miracles replace all grievances.,"Let me behold my savior in this one You have appointed as the one for me to ask to lead me to the holy light in which he stands, that I may join with him.",,
79,,Let me recognize the problem so it can be solved.,Let me recognize the problem so it can be solved.,,
80,,Let me recognize my problems have been solved.,Let me recognize my problems have been solved.,,
81,,"(61) I am the light of the world.
(62) Forgiveness is my function as the light of the world.","Some specific forms for applying (61) when special difficulties seem to arise might be:
Let me not obscure the light of the world in me. 
Let the light of the world shine through this appearance. 
This shadow will vanish before the light.

Specific forms for using (62) might include:
Let this help me learn what forgiveness means.
Let me not separate my function from my will.
I will not use this for an alien purpose.",,
82,,"(63) The light of the world brings peace to every mind through my forgiveness.
(64) Let me not forget my function.","Suggestions for specific forms for applying (63) are:
Let peace extend from my mind to yours, [name].
I share the light of the world with you, [name].
Through my forgiveness I can see this as it is.

Suitable specific forms for (64) include:
Let me not use this to hide my function from me.
I would use this as an opportunity to fulfill my function.
This may threaten my ego, but cannot change my function in any way",,
83,,"(65) My only function is the one God gave me.
(66) My happiness and my function are one.","More specific applications of (65) might take these forms:
My perception of this does not change my function.
This does not give me a function other than the one God gave me. 
Let me not use this to justify a function God did not give me.

Some useful forms for specific applications of (66) are:
This cannot separate my happiness from my function.
The oneness of my happiness and my function remains wholly unaffected by this.
Nothing, including this, can justify the illusion of happiness apart from my function",,
84,,"(67) Love created me like itself.
(68) Love holds no grievances.","You might find these specific forms helpful in applying (67):
Let me not see an illusion of myself in this.
As I look on this, let me remember my Creator.
My Creator did not create this as I see it.

These specific forms for applying (68) would be helpful:
This is no justification for denying my Self.
I will not use this to attack love.
Let this not tempt me to attack myself.",,
85,,"(69) My grievances hide the light of the world in me.
(70) My salvation comes from me.","Specific applications for (69) might be made in these forms:
Let me not use this as a block to sight.
The light of the world will shine all this away. 
I have no need for this. I want to see.

These forms of (70) are suitable for more specific applications:
Let this not tempt me to look away from me for my salvation.
I will not let this interfere with my awareness of the Source of my salvation.
This has no power to remove salvation from me.",,
86,,"(71) Only God's plan for salvation will work.
(72) Holding grievances is an attack on God's plan for salvation.","These are some suggested forms for applying (71) specifically:
God's plan for salvation will save me from my perception of this.
This is no exception in God's plan for my salvation. 
Let me perceive this only in the light of God's plan for salvation.

Specific applications for (72) might be in these forms:
I am choosing between misperception and salvation as I look on this.
If I see grounds for grievances in this, I will not see the grounds for my salvation.
This calls for salvation, not attack.",,
87,,"(73) I will there be light.
(74) There is no will but God's","These forms of (73) would be helpful for specific applications:
This cannot hide the light I will to see. 
You stand with me in light, [name]. 
In the light this will look different.

These are some useful forms of (74) for specific applications:
Let me perceive this in accordance with the Will of God.
It is God's Will you are His Son, [name], and mine as well. 
This is part of God's Will for me, however I may see it.",,
88,,"(75) The light has come.
(76) I am under no laws but God's.","These would prove useful forms for specific applications of (75):
This cannot show me darkness, for the light has come.
The light in you is all that I would see, [name]. 
I would see in this only what is there.

For specific forms in applying (76), these would be useful:
My perception of this shows me I believe in laws that do not exist.
I see only the laws of God at work in this. 
Let me allow God's laws to work in this, and not my own.",,
89,,"(77) I am entitled to miracles.
(78) Let miracles replace all grievances","You might use these suggestions for specific applications of (77):
Behind this is a miracle to which I am entitled. 
Let me not hold a grievance against you, [name], 
but offer you the miracle that belongs to you instead.
Seen truly, this offers me a miracle.

Useful specific forms for applying (78) would be:
I would not hold this grievance apart from my salvation.
Let our grievances be replaced by miracles, [name]. 
Beyond this is the miracle by which all my grievances are replaced.",,
90,,"(79) Let me recognize the problem so it can be solved.
(80) Let me recognize my problems have been solved.","Specific applications of (79) might be in these forms:
This presents a problem to me which I would have resolved. 
The miracle behind this grievance will resolve it for me. 
The answer to this problem is the miracle that it conceals.

These forms of (80) will be useful for specific applications:
I need not wait for this to be resolved.
The answer to this problem is already given me, if I will accept it. 
Time cannot separate this problem from its solution.",,
91,"every_10_minutes, every_12_minutes",Miracles are seen in light. Let me not close my eyes because of this.,"Miracles are seen in light.
The body's eyes do not perceive the light.
 But I am not a body. What am I?",,
92,2_times,"Miracles are seen in light, and light and strength are one.","Miracles are seen in light, and light and strength are one.",,
93,every_hour,Light and joy and peace abide in me.,"Light and joy and peace abide in me.
My sinlessness is guaranteed by God.

Light and joy and peace abide in me.
My sinlessness is guaranteed by God.

For disturbing situations or should you become angry:
Light and joy and peace abide in you.
Your sinlessness is guaranteed by God.",,
94,every_hour,I am as God created me.,"I am as God created me.
I am His Son eternally.

I am as God created me.
I am His Son eternally.

Respond to anyone who seems to irritate you with:
You are as God created you.
You are His Son eternally.",,
95,every_hour,"I am one Self, united with my Creator.","I am one Self, united with my Creator, at one with every aspect of creation, and limitless in power and in peace.

Close eyes:
I am one Self.

To everyone you meet:
You are one Self with me, united with our Creator in this Self. 
I honor you because of What I am, and What He is, 
Who loves us both as One.",,
96,every_hour,Salvation comes from my one Self.,Salvation comes from my one Self. Its Thoughts are mine to use.,,
97,every_hour,I am spirit.,"Spirit am I, a holy Son of God, free of all limits, safe and healed and whole, free to forgive, and free to save the world.",,
98,every_hour,I will accept my part in God's plan for salvation.,I will accept my part in God's plan for salvation.,,
99,every_hour,Salvation is my only function here.,"Salvation is my only function here.
Salvation and forgiveness are the same.

And remind yourself of this between the times you give five minutes:
Salvation is my only function here.

 If you are tempted to believe doubt and fear:
Salvation is my only function here.God still is Love, and this is not His Will.",,
100,every_hour,My part is essential to God's plan for salvation.,My part is essential to God's plan for salvation.,,
101,every_hour,God's Will for me is perfect happiness.,"God's Will for me is perfect happiness.
There is no sin; it has no consequence.

Tell yourself as often as you can:
God's Will for me is perfect happiness.
This is the truth, because there is no sin.",,
102,every_hour,I share God's Will for happiness for me.,"I share God's Will for happiness for me, and I accept it as my function now.

Pause frequently today, to tell yourself that you have now accepted happiness as your one function",,
103,every_hour,"God, being Love, is also happiness.","God, being Love, is also happiness.
To fear Him is to be afraid of joy.

Frequently throughout the day:
God, being Love, is also happiness.
And it is happiness I seek today.
I cannot fail, because I seek the truth.",,
104,every_hour,I seek but what belongs to me in truth.,"I seek but what belongs to me in truth, 
And joy and peace are my inheritance.

As often as you can:
I seek but what belongs to me in truth.
God's gifts of joy and peace are all I want.",,
105,every_hour,God's peace and joy are mine.,"My brother, peace and joy I offer you,That I may have God's peace and joy as mine.",,
106,every_hour,Let me be still and listen to the truth.,"I will be still and listen to the truth.
What does it mean to give and to receive?

And as often as is possible:
Let me be still and listen to the truth.
I am the messenger of God today,
My voice is His, to give what I receive.",,
107,every_hour,Truth will correct all errors in my mind.,"Truth will correct all errors in my mind,And I will rest in Him Who is my Self.",,
108,every_hour,To give and to receive are one in truth.,"To give and to receive are one in truth.I will receive what I am giving now.

To everyone I offer _____.  For example:  To everyone I offer quietness.
To everyone I offer peace of mind.
To everyone I offer gentleness.",,
109,every_hour,I rest in God.,I rest in God.,,
110,every_hour,I am as God created me.,"I am as God created me. His Son can suffer nothing.  And I am His Son.

And as often as possible:
I am as God created me.",,
111,every_30_minutes,"On the hour
Miracles are seen in light

On the half hour:
Miracles are seen in light, and light and strength are one.","On the hour
Miracles are seen in light

On the half hour:
Miracles are seen in light, and light and strength are one.",,
112,every_30_minutes,"On the hour:
Light and joy and peace abide in me.

On the half hour:
I am as God created me.","On the hour:
Light and joy and peace abide in me.

On the half hour:
I am as God created me.",,
113,every_30_minutes,"On the hour:
I am one Self, united with my Creator.

On the half hour:
Salvation comes from my one Self.","On the hour:
I am one Self, united with my Creator.

On the half hour:
Salvation comes from my one Self.",,
114,every_30_minutes,"On the hour:
I am spirit.

On the half hour:
I will accept my part in God's plan for salvation.","On the hour:
I am spirit.

On the half hour:
I will accept my part in God's plan for salvation.",,
115,every_30_minutes,"On the hour:
Salvation is my only function here.

On the half hour:
My part is essential to God's plan for salvation.","On the hour:
Salvation is my only function here.

On the half hour:
My part is essential to God's plan for salvation.",,
116,every_30_minutes,"On the hour:
God's Will for me is perfect happiness.

On the half hour:
I share God's Will for happiness for me.","On the hour:
God's Will for me is perfect happiness.

On the half hour:
I share God's Will for happiness for me.",,
117,every_30_minutes,"On the hour:
God, being Love, is also happiness.

On the half hour:
I seek but what belongs to me in truth.","On the hour:
God, being Love, is also happiness.

On the half hour:
I seek but what belongs to me in truth.",,
118,every_30_minutes,"On the hour:
God's peace and joy are mine.

On the half hour:
Let me be still and listen to the truth.","On the hour:
God's peace and joy are mine.

On the half hour:
Let me be still and listen to the truth.",,
119,every_30_minutes,"On the hour:
Truth will correct all errors in my mind.

On the half hour:
To give and to receive are one in truth.","On the hour:
Truth will correct all errors in my mind.

On the half hour:
To give and to receive are one in truth.",,
120,every_30_minutes,"On the hour:
I rest in God.

On the half hour:
I am as God created me","On the hour:
I rest in God.

On the half hour:
I am as God created me",,
121,every_hour,Forgiveness is the key to happiness.,"Forgiveness is the key to happiness. I will awaken from the dream that I am mortal, fallible and full of sin, and know I am the perfect Son of God.",,
122,every_15_minutes,Forgiveness offers everything I want.,"Forgiveness offers everything I want. 
Today I have accepted this as true.
Today I have received the gifts of God.",,
123,every_hour,I thank my Father for His gifts to me.,I thank my Father for His gifts to me.,,
124,,Let me remember I am one with God.,"Let me remember I am one with God, at one with my brothers and my Self, in everlasting holiness and peace.",,
125,3_times,In quiet I receive God's Word today.,In quiet I receive God's Word today.,,
126,2_times,All that I give is given to myself.,All that I give is given to myself. The Help I need to learn that this is true is with me now. And I will trust in Him.,,
127,2_times,There is no love but God's.,"I bless you, brother, with the Love of God, which I would share with you. For I would learn the joyous lesson that there is no love but God's and yours and mine and everyone's.",,
128,3_times,The world I see holds nothing that I want.,"The world I see holds nothing that I want.

When you think you see some value:
This will not tempt me to delay myself. The world I see holds nothing that I want.",,
129,every_hour,Beyond this world there is a world I want.,The world I see holds nothing that I want. Beyond this world there is a world I want.,,
130,6_times,It is impossible to see two worlds.,"It is impossible to see two worlds. Let me accept the strength God offers me and see no value in this world, that I may find my freedom and deliverance.

Dismiss temptation whenever it arises by saying:
It is impossible to see two worlds. I seek my freedom and deliverance, and this is not a part of what I want.",,
131,3_times,No one can fail who seeks to reach the truth.,"I ask to see a different world, and think a different kind of thought from those I made. The world I seek I did not make alone, the thoughts I want to think are not my own.

And remember often:
Today I seek and find all that I want. 
My single purpose offers it to me. 
No one can fail who seeks to reach the truth.",,
132,,I loose the world from all I thought it was.,"I loose the world from all I thought it was, and choose my own reality instead.

Say the above throughout the day and whenever tempted.",,
133,,I will not value what is valueless .,"I will not value what is valueless, for what is valuable belongs to me.",,
134,,Let me perceive forgiveness as it is.,"Throughout the day and when you forget forgivenesses meaning:

Let me perceive forgiveness as it is. Would I accuse myself of doing this? I will not lay this chain upon myself.

In everything you do remember this:
No one is crucified alone, and yet no one can enter Heaven by himself.",,
135,,If I defend myself I am attacked.,"If I defend myself I am attacked.  But in defenselessness I will be strong, and I will learn what my defenses hide. 

 As foolish little things appear ……… 

This is my Eastertime. And I would keep it holy. I will not defend myself, because the Son of God needs no defense against the truth of his reality.",,
136,,Sickness is a defense against the truth.,"I have forgotten what I really am, for I mistook my body for myself. Sickness is a defense against the truth. But I am not a body. And my mind cannot attack. So I can not be sick.",,
137,every_hour,When I am healed I am not healed alone.,"When I am healed I am not healed alone. And I would bless my brothers, for I would be healed with them, as they are healed with me.",,
138,every_hour,Heaven is the decision I must make.,"Heaven is the decision I must make. I make it now, and will not change my mind, because it is the only thing I want.",,
139,every_hour,I will accept Atonement for myself.,"I will accept Atonement for myself, For I remain as God created me.",,
140,every_hour,Only salvation can be said to cure.,"Only salvation can be said to cure. Speak to us, Father, that we may be healed.",,
141,every_hour,"My mind holds only what I think with God.

(121) Forgiveness is the key to happiness.
(122) Forgiveness offers everything I want.","My mind holds only what I think with God.

(121) Forgiveness is the key to happiness.
(122) Forgiveness offers everything I want.",,
142,every_hour,"My mind holds only what I think with God.

(123) I thank my Father for His gifts to me. 
(124) Let me remember I am one with God.","My mind holds only what I think with God.

(123) I thank my Father for His gifts to me. 
(124) Let me remember I am one with God.",,
143,every_hour,"My mind holds only what I think with God.

(125) In quiet I receive God's Word today. 
(126) All that I give is given to myself.","My mind holds only what I think with God.

(125) In quiet I receive God's Word today. 
(126) All that I give is given to myself.",,
144,every_hour,"My mind holds only what I think with God.

(127) There is no love but God's. 
(128) The world I see holds nothing that I want.","My mind holds only what I think with God.

(127) There is no love but God's. 
(128) The world I see holds nothing that I want.",,
145,every_hour,"My mind holds only what I think with God.

(129) Beyond this world there is a world I want.	
(130) It is impossible to see two worlds.","My mind holds only what I think with God.

(129) Beyond this world there is a world I want.	
(130) It is impossible to see two worlds.",,
146,every_hour,"My mind holds only what I think with God.

(131) No one can fail who seeks to reach the truth. 
(132) I loose the world from all I thought it was.","My mind holds only what I think with God.

(131) No one can fail who seeks to reach the truth. 
(132) I loose the world from all I thought it was.",,
147,every_hour,"My mind holds only what I think with God.

(133) I will not value what is valueless.	
(134) Let me perceive forgiveness as it is.","My mind holds only what I think with God.

(133) I will not value what is valueless.	
(134) Let me perceive forgiveness as it is.",,
148,every_hour,"My mind holds only what I think with God.

(135) If I defend myself I am attacked.	
(136) Sickness is a defense against the truth.","My mind holds only what I think with God.

(135) If I defend myself I am attacked.	
(136) Sickness is a defense against the truth.",,
149,every_hour,"My mind holds only what I think with God.

(137) When I am healed I am not healed alone.	
(138) Heaven is the decision I must make.","My mind holds only what I think with God.

(137) When I am healed I am not healed alone.	
(138) Heaven is the decision I must make.",,
150,every_hour,"My mind holds only what I think with God.

(139) I will accept Atonement for myself.
(140) Only salvation can be said to cure.","My mind holds only what I think with God.

(139) I will accept Atonement for myself.
(140) Only salvation can be said to cure.",,
151,every_hour,All things are echoes of the Voice for God.,All things are echoes of the Voice for God.,,
152,every_hour,The power of decision is my own.,"The power of decision is my own. 
This day I will accept myself as what 
my Father's Will created me to be.",,
153,every_hour,In my defenselessness my safety lies.,In my defenselessness my safety lies.,,
154,every_hour,I am among the ministers of God.,"I am among the ministers of God, and I am grateful that 
I have the means by which to recognize that I am free.",,
155,every_hour,I will step back and let Him lead the way.,"I will step back and let Him lead the way,
For I would walk along the road to Him.",,
156,every_hour,I walk with God in perfect holiness.,"I walk with God in perfect holiness. I light the world, 
I light my mind and all the minds which God created 
one with me.",,
157,every_hour,Into His Presence would I enter now.,Into His Presence would I enter now.,,
158,every_hour,Today I learn to give as I receive.,Today I learn to give as I receive.,,
159,every_hour,I give the miracles I have received.,I give the miracles I have received.,,
160,every_hour,I am at home. Fear is the stranger here.,I am at home. Fear is the stranger here.,,
161,every_hour,"Give me your blessing, holy Son of God.","Give me your blessing, holy Son of God. 
I would behold you with the eyes of Christ, 
and see my perfect sinlessness in you.",,
162,every_hour,I am as God created me.,I am as God created me.,,
163,every_hour,There is no death. The Son of God is free.,There is no death. The Son of God is free.,,
164,every_hour,Now are we one with Him Who is our Source.,Now are we one with Him Who is our Source.,,
165,every_hour,Let not my mind deny the Thought of God.,Let not my mind deny the Thought of God.,,
166,every_hour,I am entrusted with the gifts of God.,I am entrusted with the gifts of God.,,
167,every_hour,"There is one life, and that I share with God.","There is one life, and that I share with God.",,
168,every_hour,Your grace is given me. I claim it now.,"Your grace is given me. I claim it now. Father, I come 
to You. And You will come to me who ask. 
I am the Son You love.",,
169,every_hour,By grace I live. By grace I am released.,"By grace I live. By grace I am released.
By grace I give. By grace I will release.",,
170,every_hour,There is no cruelty in God and none in me.,"You make what you defend against, and by your own 
defense against it is it real and inescapable. Lay down 
your arms, and only then do you perceive it false.",,
171,every_hour,"God is but Love, and therefore so am I.

(151) All things are echoes of the Voice for God.

God is but Love, and therefore so am I.

(152) The power of decision is my own.

God is but Love, and therefore so am I.","God is but Love, and therefore so am I.

(151) All things are echoes of the Voice for God.

God is but Love, and therefore so am I.

(152) The power of decision is my own.

God is but Love, and therefore so am I.",,
172,every_hour,"God is but Love, and therefore so am I.

(153) In my defenselessness my safety lies.

God is but Love, and therefore so am I.

(154) I am among the ministers of God.

God is but Love, and therefore so am I.","God is but Love, and therefore so am I.

(153) In my defenselessness my safety lies.

God is but Love, and therefore so am I.

(154) I am among the ministers of God.

God is but Love, and therefore so am I.",,
173,every_hour,"God is but Love, and therefore so am I.

(155) I will step back and let Him lead the way.

God is but Love, and therefore so am I.

(156) I walk with God in perfect holiness.

God is but Love, and therefore so am I.","God is but Love, and therefore so am I.

(155) I will step back and let Him lead the way.

God is but Love, and therefore so am I.

(156) I walk with God in perfect holiness.

God is but Love, and therefore so am I.",,
174,every_hour,"God is but Love, and therefore so am I.

(157) Into His Presence would I enter now.

God is but Love, and therefore so am I.

(158) Today I learn to give as I receive.

God is but Love, and therefore so am I.","God is but Love, and therefore so am I.

(157) Into His Presence would I enter now.

God is but Love, and therefore so am I.

(158) Today I learn to give as I receive.

God is but Love, and therefore so am I.",,
175,every_hour,"God is but Love, and therefore so am I.

(159) I give the miracles I have received.

God is but Love, and therefore so am I.

(160) I am at home. Fear is the stranger here.

God is but Love, and therefore so am I.","God is but Love, and therefore so am I.

(159) I give the miracles I have received.

God is but Love, and therefore so am I.

(160) I am at home. Fear is the stranger here.

God is but Love, and therefore so am I.",,
176,every_hour,"God is but Love, and therefore so am I.

(161) Give me your blessing, holy Son of God.

God is but Love, and therefore so am I.

(162) I am as God created me.

God is but Love, and therefore so am I.","God is but Love, and therefore so am I.

(161) Give me your blessing, holy Son of God.

God is but Love, and therefore so am I.

(162) I am as God created me.

God is but Love, and therefore so am I.",,
177,every_hour,"God is but Love, and therefore so am I.

(163) There is no death. The Son of God is free.

God is but Love, and therefore so am I.

(164) Now are we one with Him Who is our Source.

God is but Love, and therefore so am I.","God is but Love, and therefore so am I.

(163) There is no death. The Son of God is free.

God is but Love, and therefore so am I.

(164) Now are we one with Him Who is our Source.

God is but Love, and therefore so am I.",,
178,every_hour,"God is but Love, and therefore so am I.

(165) Let not my mind deny the Thought of God.

God is but Love, and therefore so am I.

(166) I am entrusted with the gifts of God.

God is but Love, and therefore so am I.","God is but Love, and therefore so am I.

(165) Let not my mind deny the Thought of God.

God is but Love, and therefore so am I.

(166) I am entrusted with the gifts of God.

God is but Love, and therefore so am I.",,
179,every_hour,"God is but Love, and therefore so am I.

(167) There is one life, and that I share with God.

God is but Love, and therefore so am I.

(168) Your grace is given me. I claim it now.

God is but Love, and therefore so am I.","God is but Love, and therefore so am I.

(167) There is one life, and that I share with God.

God is but Love, and therefore so am I.

(168) Your grace is given me. I claim it now.

God is but Love, and therefore so am I.",,
180,every_hour,"God is but Love, and therefore so am I.

(169) By grace I live. By grace I am released.

God is but Love, and therefore so am I.

(170) There is no cruelty in God and none in me.

God is but Love, and therefore so am I.","God is but Love, and therefore so am I.

(169) By grace I live. By grace I am released.

God is but Love, and therefore so am I.

(170) There is no cruelty in God and none in me.

God is but Love, and therefore so am I.",,
181,,"I trust my brothers, who are one with me.","It is not this that I would look upon.
I trust my brothers, who are one with me.",,
182,,I will be still an instant and go home.,I will be still an instant and go home.,,
183,,I call upon God's Name and on my own.,I call upon God's Name and on my own.,,
184,,The Name of God is my inheritance.,"Father, our Name is Yours. In It we are united with all living things, and You Who are their one Creator. What we made and call by many different names is but a shadow we have tried to cast across Your Own reality. And we are glad and thankful we were wrong. All our mistakes we give to You, that we may be absolved from all effects our errors seemed to have. And we accept the truth You give, in place of every one of them. Your Name is our salvation and escape from what we made. Your Name unites us in the oneness which is our inheritance and peace. Amen.",,
185,,I want the peace of God.,I want the peace of God.,,
186,,Salvation of the world depends on me.,Salvation of the world depends on me.,,
187,,I bless the world because I bless myself.,I bless the world because I bless myself.,,
188,,The peace of God is shining in me now.,"The peace of God is shining in me now.
Let all things shine upon me in that peace,
And let me bless them with the light in me.",,
189,,I feel the Love of God within me now.,"Father, we do not know the way to You. But we have called, and You have answered us. We will not interfere. Salvation's ways are not our own, for they belong to You. And it is unto You we look for them. Our hands are open to receive Your gifts. We have no thoughts we think apart from You, and cherish no beliefs of what we are, or Who created us. Yours is the way that we would find and follow. And we ask but that Your Will, which is our own as well, be done in us and in the world, that it become a part of Heaven now. Amen.",,
190,,I choose the joy of God instead of pain.,I choose the joy of God instead of pain.,,
191,,I am the holy Son of God Himself.,"I am the holy Son of God Himself. I cannot suffer, 
cannot be in pain; I cannot suffer loss, nor fail to do 
all that salvation asks.",,
192,,I have a function God would have me fill.,I have a function God would have me fill.,,
193,,All things are lessons God would have me learn.,"Forgive, and you will see this differently.

I will forgive, and this will disappear.",,
194,,I place the future in the Hands of God.,I place the future in the Hands of God.,,
195,,Love is the way I walk in gratitude.,Love is the way I walk in gratitude.,,
196,,It can be but myself I crucify.,It can be but myself I crucify.,,
197,,It can be but my gratitude I earn.,It can be but my gratitude I earn.,,
198,,Only my condemnation injures me.,"Only my condemnation injures me.
Only my own forgiveness sets me free.",,
199,,I am not a body. I am free.,"I am not a body. I am free. 
I hear the Voice that God has given me, 
and it is only this my mind obeys.",,
200,,There is no peace except the peace of God.,"There is no peace except the peace of God,
And I am glad and thankful it is so.",,
201,every_hour,"(181) I trust my brothers, who are one with me.","I am not a body. I am free.  For I am still as God created me.

(181) I trust my brothers, who are one with me. No one but is my brother. I am blessed with oneness with the universe and God, my Father, one Creator of the whole that is my Self, forever One with me.

I am not a body. I am free. 
For I am still as God created me.",,
202,every_hour,(182) I will be still an instant and go home.,"I am not a body. I am free. For I am still as God created me.

(182) I will be still an instant and go home.

Why would I choose to stay an instant more where I do not 
belong, when God Himself has given me His Voice to call 
me home?

I am not a body. I am free. 
For I am still as God created me.",,
203,every_hour,(183) I call upon God’s Name and on my own. ,"I am not a body. I am free. 
For I am still as God created me.

(183) I call upon God's Name and on my own.

The Name of God is my deliverance from every thought of 
evil and of sin, because it is my own as well as His.

I am not a body. I am free. 
For I am still as God created me.",,
204,every_hour,(184) The Name of God is my inheritance. ,"am not a body. I am free. 
For I am still as God created me.

(184) The Name of God is my inheritance.  God's Name reminds me that I am His Son, not slave to time, unbound by laws which rule the world of sick illusions, free in God, forever and forever one with Him.

I am not a body. I am free. 
For I am still as God created me.",,
205,every_hour,(185) I want the peace of God.,"I am not a body. I am free. 
For I am still as God created me.

(185) I want the peace of God.

The peace of God is everything I want. The peace of God is my one goal; the aim of all my living here, the end I seek, my purpose and my function and my life, while I abide where I am not at home.

I am not a body. I am free. 
For I am still as God created me.",,
206,every_hour,(186) Salvation of the world depends on me.,"I am not a body. I am free. 
For I am still as God created me.

(186) Salvation of the world depends on me.

I am entrusted with the gifts of God, because I am His Son. 
And I would give His gifts where He intended them to be.

I am not a body. I am free. 
For I am still as God created me.",,
207,every_hour,(187) I bless the world because I bless myself.,"I am not a body. I am free. 
For I am still as God created me.

(187) I bless the world because I bless myself.

God's blessing shines upon me from within my heart, 
where He abides. I need but turn to Him, and every sorrow 
melts away, as I accept His boundless Love for me.

I am not a body. I am free. 
For I am still as God created me.",,
208,every_hour,(188) The peace of God is shining in me now.,"I am not a body. I am free. 
For I am still as God created me.

(188) The peace of God is shining in me now.

I will be still, and let the earth be still along with me. And 
in that stillness we will find the peace of God. It is within 
my heart, which witnesses to God Himself.

I am not a body. I am free. 
For I am still as God created me.",,
209,every_hour,(189) I feel the Love of God within me now.,"I am not a body. I am free. 
For I am still as God created me.

(189) I feel the Love of God within me now.
The Love of God is what created me. The Love of God is 
everything I am. The Love of God proclaimed me as His 
Son. The Love of God within me sets me free.

I am not a body. I am free. 
For I am still as God created me.",,
210,every_hour,(190) I choose the joy of God instead of pain.,"I am not a body. I am free. 
For I am still as God created me.

(190) I choose the joy of God instead of pain.

Pain is my own idea. It is not a Thought of God, but one I 
thought apart from Him and from His Will. His Will is joy, 
and only joy for His beloved Son. And that I choose, instead 
of what I made.

I am not a body. I am free. 
For I am still as God created me.",,
211,every_hour,(191) I am the holy Son of God Himself.,"I am not a body. I am free. 
For I am still as God created me.
(191) I am the holy Son of God Himself.

In silence and in true humility I seek God's glory, to behold 
it in the Son whom He created as my Self.

I am not a body. I am free. 
For I am still as God created me.",,
212,every_hour,(192) I have a function God would have me fill.,"I am not a body. I am free. 
For I am still as God created me.

(192) I have a function God would have me fill.

I seek the function that would set me free from all the vain 
illusions of the world. Only the function God has given me 
can offer freedom. Only this I seek, and only this will I 
accept as mine.

I am not a body. I am free. 
For I am still as God created me.",,
213,every_hour,(193) All things are lessons God would have me learn.,"I am not a body. I am free. For I am still as God created me.

(193) All things are lessons God would have me learn.

A lesson is a miracle which God offers to me, in place of 
thoughts I made that hurt me. What I learn of Him becomes 
the way I am set free. And so I choose to learn His lessons 
and forget my own.

I am not a body. I am free. 
For I am still as God created me.",,
214,every_hour,(194) I place the future in the Hands of God.,"I am not a body. I am free. For I am still as God created me.

(194) I place the future in the Hands of God.

The past is gone; the future is not yet. Now am I freed 
from both. For what God gives can only be for good. And 
I accept but what He gives as what belongs to me.

I am not a body. I am free. 
For I am still as God created me.",,
215,every_hour,(195) Love is the way I walk in gratitude.,"I am not a body. I am free. 
For I am still as God created me.

(195) Love is the way I walk in gratitude.

The Holy Spirit is my only Guide. He walks with me in love. 
And I give thanks to Him for showing me the way to go.

I am not a body. I am free. 
For I am still as God created me.",,
216,every_hour,(196) It can be but myself I crucify.,"I am not a body. I am free. For I am still as God created me.

(196) It can be but myself I crucify.

All that I do I do unto myself. If I attack, I suffer. 
But if I forgive, salvation will be given me.
I am not a body. I am free. 
For I am still as God created me.",,
217,every_hour,(197) It can be but my gratitude I earn.,"I am not a body. I am free. For I am still as God created me.

(197) It can be but my gratitude I earn.

Who should give thanks for my salvation but myself? 
And how but through salvation can I find the Self to 
Whom my thanks are due?

I am not a body. I am free. 
For I am still as God created me.",,
218,every_hour,(198) Only my condemnation injures me.,"I am not a body. I am free. For I am still as God created me.

(198) Only my condemnation injures me.

My condemnation keeps my vision dark, and through my 
sightless eyes I cannot see the vision of my glory. 
Yet today I can behold this glory and be glad.

I am not a body. I am free. 
For I am still as God created me.",,
219,every_hour,(199) I am not a body. I am free.,"I am not a body. I am free. For I am still as God created me.

(199) I am not a body. I am free.

I am God's Son. Be still, my mind, and think a moment 
upon this. And then return to earth, without confusion 
as to what my Father loves forever as His Son.

I am not a body. I am free. 
For I am still as God created me.",,
220,every_hour,(200) There is no peace except the peace of God.,"I am not a body. I am free. 
For I am still as God created me.

(200) There is no peace except the peace of God.

Let me not wander from the way of peace, for I am lost on 
other roads than this. But let me follow Him Who leads me 
home, and peace is certain as the Love of God.

I am not a body. I am free. 
For I am still as God created me.",,
221,every_hour,Peace to my mind.  Let all my thoughts be still.,"Father, I come to You today to seek the peace that You alone can give. I come in silence. In the quiet of my heart, the deep recesses of my mind, I wait and listen for Your Voice. My Father, speak to me today. I come to hear Your Voice in silence and in certainty and love, sure You will hear my call and answer me.",,
222,every_hour,God is with me. I live and move in Him.,"Father, we have no words except Your Name upon our lips and in our minds, as we come quietly into Your Presence now, and ask to rest with You in peace a while.",,
223,every_hour,God is my life. I have no life but His.,"Our Father, let us see the face of Christ instead of our mistakes. For we who are Your holy Son are sinless. We would look upon our sinlessness, for guilt proclaims that we are not Your Son. And we would not forget You longer. We are lonely here, and long for Heaven, where we are at home. Today we would return. Our Name is Yours, and we acknowledge that we are Your Son.",,
224,every_hour,"God is my Father, and He loves His Son.","My Name, O Father, still is known to You. I have forgotten It, and do not know where I am going, who I am, or what it is I do. Remind me, Father, now, for I am weary of the world I see. Reveal what You would have me see instead.",,
225,every_hour,"God is my Father, and His Son loves Him.","Father, I must return Your Love for me, for giving and receiving are the same, and You have given all Your Love to me. I must return it, for I want it mine in full awareness, blazing in my mind and keeping it within its kindly light, inviolate, beloved, with fear behind and only peace ahead. How still the way Your loving Son is led along to You!",,
226,every_hour,My home awaits me. I will hasten there.,"Father, my home awaits my glad return. Your Arms are open and I hear Your Voice. What need have I to linger in a place of vain desires and of shattered dreams, when Heaven can so easily be mine?",,
227,every_hour,This is my holy instant of release.,"Father, it is today that I am free, because my will is Yours. I thought to make another will. Yet nothing that I thought apart from You exists. And I am free because I was mistaken, and did not affect my own reality at all by my illusions. Now I give them up, and lay them down before the feet of truth, to be removed forever from my mind. This is my holy instant of release. Father, I know my will is one with Yours.",,
228,every_hour,God has condemned me not. No more do I.,"Father, I was mistaken in myself, because I failed to realize the Source from which I came. I have not left that Source to enter in a body and to die. My holiness remains a part of me, as I am part of You. And my mistakes about myself are dreams. I let them go today. And I stand ready to receive Your Word alone for what I really am.",,
229,every_hour,"Love, which created me, is what I am.","Father, my thanks to You for what I am; for keeping my Identity untouched and sinless, in the midst of all the thoughts of sin my foolish mind made up. And thanks to You for saving me from them. Amen.",,
230,every_hour,Now will I seek and find the peace of God.,"Father, I seek the peace You gave as mine in my creation. What was given then must be here now, for my creation was apart from time, and still remains beyond all change. The peace in which Your Son was born into Your Mind is shining there unchanged. I am as You created me. I need but call on You to find the peace You gave. It is Your Will that gave it to Your Son.",,
231,every_hour,"Father, I will but to remember You.","What can I seek for, Father, but Your Love? Perhaps I think I seek for something else; a something I have called by many names. Yet is Your Love the only thing I seek, or ever sought. For there is nothing else that I could ever really want to find. Let me remember You. What else could I desire but the truth about myself?",,
232,every_hour,"Be in my mind, my Father, through the day.","Be in my mind, my Father, when I wake, and shine on me throughout the day today. Let every minute be a time in which I dwell with You. And let me not forget my hourly thanksgiving that You have remained with me, and always will be there to hear my call to You and answer me. As evening comes, let all my thoughts be still of You and of Your Love. And let me sleep sure of my safety, certain of Your care, and happily aware I am Your Son.",,
233,every_hour,I give my life to God to guide today.,"Father, I give You all my thoughts today. I would have none of mine. In place of them, give me Your Own. I give You all my acts as well, that I may do Your Will instead of seeking goals which cannot be obtained, and wasting time in vain imaginings. Today I come to You. I will step back and merely follow You. Be You the Guide, and I the follower who questions not the wisdom of the Infinite, nor Love whose tenderness I cannot comprehend, but which is yet Your perfect gift to me.",,
234,every_hour,"Father, today I am Your Son again.","We thank You, Father, that Father, today I am Your Son again.we cannot lose the memory of You and of Your Love. We recognize our safety, and give thanks for all the gifts You have bestowed on us, for all the loving help we have received, for Your eternal patience, and the Word which You have given us that we are saved.",,
235,every_hour,God in His mercy wills that I be saved.,"Father, Your Holiness is mine. Your Love created me, and made my sinlessness forever part of You. I have no guilt nor sin in me, for there is none in You.",,
236,every_hour,"I rule my mind, which I alone must rule.","Father, my mind is open to Your Thoughts, and closed today to every thought but Yours. I rule my mind, and offer it to You. Accept my gift, for it is Yours to me.",,
237,every_hour,Now would I be as God created me.,"Christ is my eyes today, and He the ears that listen to the Voice for God today. Father, I come to You through Him Who is Your Son, and my true Self as well. Amen.",,
238,every_hour,On my decision all salvation rests.,"Father, Your trust in me has been so great, I must be worthy. You created me, and know me as I am. And yet You placed Your Son's salvation in my hands, and let it rest on my decision. I must be beloved of You indeed. And I must be steadfast in holiness as well, that You would give Your Son to me in certainty that he is safe Who still is part of You, and yet is mine, because He is my Self.",,
239,every_hour,The glory of my Father is my own.,"We thank You, Father, for the light that shines forever in us. And we honor it, because You share it with us. We are one, united in this light and one with You, at peace with all creation and ourselves.",,
240,every_hour,Fear is not justified in any form.,"How foolish are our fears! Would You allow Your Son to suffer? Give us faith today to recognize Your Son, and set him free. Let us forgive him in Your Name, that we may understand his holiness, and feel the love for him which is Your Own as well.",,
241,every_hour,This holy instant is salvation come.,"We have forgiven one another now, and so we come at last to You again. Father, Your Son, who never left, returns to Heaven and his home. How glad are we to have our sanity restored to us, and to remember that we all are one.",,
242,every_hour,This day is God's. It is my gift to Him.,And so we give today to You. We come with wholly open minds. We do not ask for anything that we may think we want. Give us what You would have received by us. You know all our desires and our wants. And You will give us everything we need in helping us to find the way to You.,,
243,every_hour,Today I will judge nothing that occurs.,"Father, today I leave creation free to be itself. I honor all its parts, in which I am included. We are one because each part contains Your memory, and truth must shine in all of us as one.",,
244,every_hour,I am in danger nowhere in the world.,"Your Son is safe wherever he may be, for You are there with him. He need but call upon Your Name, and he will recollect his safety and Your Love, for they are one. How can he fear or doubt or fail to know he cannot suffer, be endangered, or experience unhappiness, when he belongs to You, beloved and loving, in the safety of Your Fatherly embrace?",,
245,every_hour,"Your peace is with me, Father.  I am safe.","Your peace surrounds me, Father. Where I go, Your peace goes there with me. It sheds its light on everyone I meet. I bring it to the desolate and lonely and afraid. I give Your peace to those who suffer pain, or grieve for loss, or think they are bereft of hope and happiness. Send them to me, my Father. Let me bring Your peace with me. For I would save Your Son, as is Your Will, that I may come to recognize my Self.",,
246,every_hour,To love my Father is to love His Son.,"I will accept the way You choose for me to come to You, my Father. For in that will I succeed, because it is Your Will. And I would recognize that what You will is what I will as well, and only that. And so I choose to love Your Son. Amen.",,
247,every_hour,Without forgiveness I will still be blind.,"So would I look on everyone today. My brothers are Your Sons. Your Fatherhood created them, and gave them all to me as part of You, and my own Self as well. Today I honor You through them, and thus I hope this day to recognize my Self.",,
248,every_hour,Whatever suffers is not part of me.,"Father, my ancient love for You returns, and lets me love Your Son again as well. Father, I am as You created me. Now is Your Love remembered, and my own. Now do I understand that they are one.",,
249,every_hour,Forgiveness ends all suffering and loss.,"Father, we would return our minds to You. We have betrayed them, held them in a vise of bitterness, and frightened them with thoughts of violence and death. Now would we rest again in You, as You created us.",,
250,every_hour,Let me not see myself as limited.,"He is Your Son, my Father. And today I would behold his gentleness instead of my illusions. He is what I am, and as I see him so I see myself. Today I would see truly, that this day I may at last identify with him.",,
251,every_hour,I am in need of nothing but the truth.,"And for that peace, our Father, we give thanks. What we denied ourselves You have restored, and only that is what we really want.",,
252,every_hour,The Son of God is my Identity.,"Father, You know my true Identity. Reveal It now to me who am Your Son, that I may waken to the truth in You, and know that Heaven is restored to me.",,
253,every_hour,My Self is ruler of the universe.,"You are the Self Whom You created Son, creating like Yourself and One with You. My Self, which rules the universe, is but Your Will in perfect union with my own, which can but offer glad assent to Yours, that it may be extended to Itself.",,
254,every_hour,Let every voice but God's be still in me.,"Father, today I would but hear Your Voice. In deepest silence I would come to You, to hear Your Voice and to receive Your Word. I have no prayer but this: I come to You to ask You for the truth. And truth is but Your Will, which I would share with You today.",,
255,every_hour,This day I choose to spend in perfect peace.,"And so, my Father, would I pass this day with You. Your Son has not forgotten You. The peace You gave him still is in his mind, and it is there I choose to spend today.",,
256,every_hour,God is the only goal I have today.,"And so, our Father, would we come to You in Your appointed way. We have no goal except to hear Your Voice, and find the way Your sacred Word has pointed out to us.",,
257,every_hour,Let me remember what my purpose is.,"Father, forgiveness is Your chosen means for our salvation. Let us not forget today that we can have no will but Yours. And thus our purpose must be Yours as well, if we would reach the peace You will for us.",,
258,every_hour,Let me remember that my goal is God.,Our goal is but to follow in the way that leads to You. We have no goal but this. What could we want but to remember You? What could we seek but our Identity?,,
259,every_hour,Let me remember that there is no sin.,"Father, I would not be insane today. I would not be afraid of love, nor seek for refuge in its opposite. For love can have no opposite. You are the Source of everything there is. And everything that is remains with You, and You with it.",,
260,every_hour,Let me remember God created me.,"Father, I did not make myself, although in my insanity I thought I did. Yet, as Your Thought, I have not left my Source, remaining part of Who created me. Your Son, my Father, calls on You today. Let me remember You created me. Let me remember my Identity. And let my sinlessness arise again before Christ's vision, through which I would look upon my brothers and myself today.",,
261,every_hour,God is my refuge and security.,"Let me not seek for idols. I would come, my Father, home to You today. I choose to be as You created me, and find the Son whom You created as my Self.",,
262,every_hour,Let me perceive no differences today.,"Father, You have one Son. And it is he that I would look upon today. He is Your one creation. Why should I perceive a thousand forms in what remains as one? Why should I give this one a thousand names, when only one suffices? For Your Son must bear Your Name, for You created him. Let me not see him as a stranger to his Father, nor as stranger to myself. For he is part of me and I of him, and we are part of You Who are our Source, eternally united in Your Love; eternally the holy Son of God.",,
263,every_hour,My holy vision sees all things as pure.,"Father, Your Mind created all that is, Your Spirit entered into it, Your Love gave life to it. And would I look upon what You created as if it could be made sinful? I would not perceive such dark and fearful images. A madman's dream is hardly fit to be my choice, instead of all the loveliness with which You blessed creation; all its purity, its joy, and its eternal, quiet home in You.",,
264,every_hour,I am surrounded by the Love of God.,"Father, You stand before me and behind, beside me, in the place I see myself, and everywhere I go. You are in all the things I look upon, the sounds I hear, and every hand that reaches for my own. In You time disappears, and place becomes a meaningless belief. For what surrounds Your Son and keeps him safe is Love itself. There is no source but this, and nothing is that does not share its holiness; that stands beyond Your one creation, or without the Love which holds all things within itself. Father, Your Son is like Yourself. We come to You in Your Own Name today, to be at peace within Your everlasting Love.",,
265,every_hour,Creation's gentleness is all I see.,"In quiet would I look upon the world, which but reflects Your Thoughts, and mine as well. Let me remember that they are the same, and I will see creation's gentleness.",,
266,every_hour,"My holy Self abides in you, God's Son.","Father, You gave me all Your Sons, to be my saviors and my counselors in sight; the bearers of Your holy Voice to me. In them are You reflected, and in them does Christ look back upon me from my Self. Let not Your Son forget Your holy Name. Let not Your Son forget his holy Source. Let not Your Son forget his Name is Yours.",,
267,every_hour,My heart is beating in the peace of God.,"Let me attend Your Answer, not my own. Father, my heart is beating in the peace the Heart of Love created. It is there and only there that I can be at home.",,
268,every_hour,Let all things be exactly as they are.,"Let me not be Your critic, Lord, today, and judge against You. Let me not attempt to interfere with Your creation, and distort it into sickly forms. Let me be willing to withdraw my wishes from its unity, and thus to let it be as You created it. For thus will I be able, too, to recognize my Self as You created me. In love was I created, and in love will I remain forever. What can frighten me, when I let all things be exactly as they are?",,
269,every_hour,My sight goes forth to look upon Christ's face.,"I ask Your blessing on my sight today. It is the means which You have chosen to become the way to show me my mistakes, and look beyond them. It is given me to find a new perception through the Guide You gave to me, and through His lessons to surpass perception and return to truth. I ask for the illusion which transcends all those I made. Today I choose to see a world forgiven, in which everyone shows me the face of Christ, and teaches me that what I look upon belongs to me; that nothing is, except Your holy Son.",,
270,every_hour,I will not use the body's eyes today.,"Father, Christ's vision is Your gift to me, and it has power to translate all that the body's eyes behold into the sight of a forgiven world. How glorious and gracious is this world! Yet how much more will I perceive in it than sight can give. The world forgiven signifies Your Son acknowledges his Father, lets his dreams be brought to truth, and waits expectantly the one remaining instant more of time which ends forever, as Your memory returns to him. And now his will is one with Yours. His function now is but Your Own, and every thought except Your Own is gone.",,
271,every_hour,Christ's is the vision I will use today.,"Father, Christ's vision is the way to You. What He beholds invites Your memory to be restored to me. And this I choose, to be what I would look upon today.",,
272,every_hour,How can illusions satisfy God's Son?,"Father, the truth belongs to me. My home is set in Heaven by Your Will and mine. Can dreams content me? Can illusions bring me happiness? What but Your memory can satisfy Your Son? I will accept no less than You have given me. I am surrounded by Your Love, forever still, forever gentle and forever safe. God's Son must be as You created him.",,
273,every_hour,The stillness of the peace of God is mine.,"Father, Your peace is mine. What need have I to fear that anything can rob me of what You would have me keep? I cannot lose Your gifts to me. And so the peace You gave Your Son is with me still, in quietness and in my own eternal love for You.",,
274,every_hour,Today belongs to love. Let me not fear.,"Father, today I would let all things be as You created them, and give Your Son the honor due his sinlessness; the love of brother to his brother and his Friend. Through this I am redeemed. Through this as well the truth will enter where illusions were, light will replace all darkness, and Your Son will know he is as You created him.",,
275,every_hour,God's healing Voice protects all things today.,"Your healing Voice protects all things today, and so I leave all things to You. I need be anxious over nothing. For Your Voice will tell me what to do and where to go; to whom to speak and what to say to him, what thoughts to think, what words to give the world. The safety that I bring is given me. Father, Your Voice protects all things through me.",,
276,every_hour,The Word of God is given me to speak.,"Father, Your Word is mine. And it is this that I would speak to all my brothers, who are given me to cherish as my own, as I am loved and blessed and saved by You.",,
277,every_hour,Let me not bind Your Son with laws I made.,"Your Son is free, my Father. Let me not imagine I have bound him with the laws I made to rule the body. He is not subject to any laws I made by which I try to make the body more secure. He is not changed by what is changeable. He is not slave to any laws of time. He is as You created him, because he knows no law except the law of love.",,
278,every_hour,"If I am bound, my Father is not free.","Father, I ask for nothing but the truth. I have had many foolish thoughts about myself and my creation, and have brought a dream of fear into my mind. Today, I would not dream. I choose the way to You instead of madness and instead of fear. For truth is safe, and only love is sure.",,
279,every_hour,Creation's freedom promises my own.,"I will accept Your promises today, and give my faith to them. My Father loves the Son Whom He created as His Own. Would You withhold the gifts You gave to me?",,
280,every_hour,What limits can I lay upon God's Son?,"Today let me give honor to Your Son, for thus alone I find the way to You. Father, I lay no limits on the Son You love and You created limitless. The honor that I give to him is Yours, and what is Yours belongs to me as well.",,
281,every_hour,I can be hurt by nothing but my thoughts.,"Father, Your Son is perfect. When I think that I am hurt in any way, it is because I have forgotten who I am, and that I am as You created me. Your Thoughts can only bring me happiness. If ever I am sad or hurt or ill, I have forgotten what You think, and put my little meaningless ideas in place of where Your Thoughts belong, and where they are. I can be hurt by nothing but my thoughts. The Thoughts I think with You can only bless. The Thoughts I think with You alone are true.",,
282,every_hour,I will not be afraid of love today.,"Father, Your Name is Love and so is mine. Such is the truth. And can the truth be changed by merely giving it another name? The name of fear is simply a mistake. Let me not be afraid of truth today.",,
283,every_hour,My true Identity abides in You.,"Father, I made an image of myself, and it is this I call the Son of God. Yet is creation as it always was, for Your creation is unchangeable. Let me not worship idols. I am he my Father loves. My holiness remains the light of Heaven and the Love of God. Is not what is beloved of You secure? Is not the light of Heaven infinite? Is not Your Son my true Identity, when You created everything that is?",,
284,every_hour,I can elect to change all thoughts that hurt.,"Father, what You have given cannot hurt, so grief and pain must be impossible. Let me not fail to trust in You today, accepting but the joyous as Your gifts; accepting but the joyous as the truth.",,
285,every_hour,My holiness shines bright and clear today.,"Father, my holiness is Yours. Let me rejoice in it, and through forgiveness be restored to sanity. Your Son is still as You created him. My holiness is part of me, and also part of You. And what can alter Holiness Itself?",,
286,every_hour,The hush of Heaven holds my heart today.,"Father, how still today! How quietly do all things fall in place! This is the day that has been chosen as the time in which I come to understand the lesson that there is no need that I do anything. In You is every choice already made. In You has every conflict been resolved. In You is everything I hope to find already given me. Your peace is mine. My heart is quiet, and my mind at rest. Your Love is Heaven, and Your Love is mine.",,
287,every_hour,"You are my goal, my Father. Only You.","You are my goal, my Father. What but You could I desire to have? What way but that which leads to You could I desire to walk? And what except the memory of You could signify to me the end of dreams and futile substitutions for the truth? You are my only goal. Your Son would be as You created him. What way but this could I expect to recognize my Self, and be at one with my Identity?",,
288,every_hour,Let me forget my brother's past today.,"This is the thought that leads the way to You, and brings me to my goal. I cannot come to You without my brother. And to know my Source, I first must recognize what You created one with me. My brother's is the hand that leads me on the way to You. His sins are in the past along with mine, and I am saved because the past is gone. Let me not cherish it within my heart, or I will lose the way to walk to You. My brother is my savior. Let me not attack the savior You have given me. But let me honor him who bears Your Name, and so remember that It is my own.",,
289,every_hour,The past is over. It can touch me not.,"Father, let me not look upon a past that is not there. For You have offered me Your Own replacement, in a present world the past has left untouched and free of sin. Here is the end of guilt. And here am I made ready for Your final step. Shall I demand that You wait longer for Your Son to find the loveliness You planned to be the end of all his dreams and all his pain?",,
290,every_hour,My present happiness is all I see.,"With this resolve I come to You, and ask Your strength to hold me up today, while I but seek to do Your Will. You cannot fail to hear me, Father. What I ask have You already given me. And I am sure that I will see my happiness today.",,
291,every_hour,This is a day of stillness and of peace.,"This day my mind is quiet, to receive the Thoughts You offer me. And I accept what comes from You, instead of from myself. I do not know the way to You. But You are wholly certain. Father, guide Your Son along the quiet path that leads to You. Let my forgiveness be complete, and let the memory of You return to me.",,
292,every_hour,A happy outcome to all things is sure.,"We thank You, Father, for Your guarantee of only happy outcomes in the end. Help us not interfere, and so delay the happy endings You have promised us for every problem that we can perceive; for every trial we think we still must meet.",,
293,every_hour,All fear is past and only love is here.,"Father, let not Your holy world escape my sight today. Nor let my ears be deaf to all the hymns of gratitude the world is singing underneath the sounds of fear. There is a real world which the present holds safe from all past mistakes. And I would see only this world before my eyes today.",,
294,every_hour,My body is a wholly neutral thing.,"My body, Father, cannot be Your Son. And what is not created cannot be sinful nor sinless; neither good nor bad. Let me, then, use this dream to help Your plan that we awaken from all dreams we made.",,
295,every_hour,The Holy Spirit looks through me today.,"My Father, Christ has asked a gift of me, and one I give that it be given me. Help me to use the eyes of Christ today, and thus allow the Holy Spirit's Love to bless all things which I may look upon, that His forgiving Love may rest on me.",,
296,every_hour,The Holy Spirit speaks through me today.,"The Holy Spirit needs my voice today, that all the world may listen to Your Voice, and hear Your Word through me. I am resolved to let You speak through me, for I would use no words but Yours, and have no thoughts which are apart from Yours, for only Yours are true. I would be savior to the world I made. For having damned it I would set it free, that I may find escape, and hear the Word Your holy Voice will speak to me today.",,
297,every_hour,Forgiveness is the only gift I give.,"Father, how certain are Your ways; how sure their final outcome, and how faithfully is every step in my salvation set already, and accomplished by Your grace. Thanks be to You for Your eternal gifts, and thanks to You for my Identity.",,
298,every_hour,"I love You, Father, and I love Your Son.","Father, I come to You today, because I would not follow any way but Yours. You are beside me. Certain is Your way. And I am grateful for Your holy gifts of certain sanctuary, and escape from everything that would obscure my love for God my Father and His holy Son.",,
299,every_hour,Eternal holiness abides in me.,"Father, my holiness is not of me. It is not mine to be destroyed by sin. It is not mine to suffer from attack. Illusions can obscure it, but can not put out its radiance, nor dim its light. It stands forever perfect and untouched. In it are all things healed, for they remain as You created them. And I can know my holiness. For Holiness Itself created me, and I can know my Source because it is Your Will that You be known.",,
300,every_hour,Only an instant does this world endure.,"We seek Your holy world today. For we, Your loving Sons, have lost our way a while. But we have listened to Your Voice, and learned exactly what to do to be restored to Heaven and our true Identity. And we give thanks today the world endures but for an instant. We would go beyond that tiny instant to eternity.",,
301,every_hour,And God Himself shall wipe away all tears.,"Father, unless I judge I cannot weep. Nor can I suffer pain, or feel I am abandoned or unneeded in the world. This is my home because I judge it not, and therefore is it only what You will. Let me today behold it uncondemned, through happy eyes forgiveness has released from all distortion. Let me see Your world instead of mine. And all the tears I shed will be forgotten, for their source is gone. Father, I will not judge Your world today.",,
302,every_hour,Where darkness was I look upon the light.,"Father, our eyes are opening at last. Your holy world awaits us, as our sight is finally restored and we can see. We thought we suffered. But we had forgot the Son whom You created. Now we see that darkness is our own imagining, and light is there for us to look upon. Christ's vision changes darkness into light, for fear must disappear when love has come. Let me forgive Your holy world today, that I may look upon its holiness and understand it but reflects my own.",,
303,every_hour,The holy Christ  is born in me today.,"Your Son is welcome, Father. He has come to save me from the evil self I made. He is the Self that You have given me. He is but what I really am in truth. He is the Son You love above all things. He is my Self as You created me. It is not Christ that can be crucified. Safe in Your Arms let me receive Your Son.",,
304,every_hour,Let not my world obscure the sight of Christ .,"You lead me from the darkness to the light; from sin to holiness. Let me forgive, and thus receive salvation for the world. It is Your gift, my Father, given me to offer to Your holy Son, that he may find again the memory of You, and of Your Son as You created him.",,
305,every_hour,There is a peace that Christ  bestows  on us.,"Father, the peace of Christ is given us, because it is Your Will that we be saved. Help us today but to accept Your gift, and judge it not. For it has come to us to save us from our judgment on ourselves.",,
306,every_hour,The gift of Christ  is all I seek today.,"And so, our Father, we return to You, remembering we never went away; remembering Your holy gifts to us. In gratitude and thankfulness we come, with empty hands and open hearts and minds, asking but what You give. We cannot make an offering sufficient for Your Son. But in Your Love the gift of Christ is his.",,
307,every_hour,Conflicting wishes cannot be my will.,"Father, Your Will is mine, and only that. There is no other will for me to have. Let me not try to make another will, for it is senseless and will cause me pain. Your Will alone can bring me happiness, and only Yours exists. If I would have what only You can give, I must accept Your Will for me, and enter into peace where conflict is impossible. Your Son is one with You in being and in will, and nothing contradicts the holy truth that I remain as You created me.",,
308,every_hour,This instant is the only time there is.,"Thanks for this instant, Father. It is now I am redeemed. This instant is the time You have appointed for Your Son's release, and for salvation of the world in him.",,
309,every_hour,I will not fear to look within today.,"The step I take today, my Father, is my sure release from idle dreams of sin. Your altar stands serene and undefiled. It is the holy altar to my Self, and there I find my true Identity.",,
310,every_hour,In fearlessness and love I spend today.,"This day, my Father, would I spend with You, as You have chosen all my days should be. And what I will experience is not of time at all. The joy that comes to me is not of days nor hours, for it comes from Heaven to Your Son. This day will be Your sweet reminder to remember You, Your gracious calling to Your holy Son, the sign Your grace has come to me, and that it is Your Will I be set free today.",,
311,every_hour,I judge all things as I would have them be.,"Father, we wait with open mind today, to hear Your Judgment of the Son You love. We do not know him, and we cannot judge. And so we let Your Love decide what he whom You created as Your Son must be.",,
312,every_hour,I see all things as I would have them be.,"I have no purpose for today except to look upon a liberated world, set free from all the judgments I have made. Father, this is Your Will for me today, and therefore it must be my goal as well.",,
313,every_hour,Now let a new perception come to me.,"Father, there is a vision which beholds all things as sinless, so that fear has gone, and where it was is love invited in. And love will come wherever it is asked. This vision is Your gift. The eyes of Christ look on a world forgiven. In His sight are all its sins forgiven, for He sees no sin in anything He looks upon. Now let His true perception come to me, that I may waken from the dream of sin and look within upon my sinlessness, which You have kept completely undefiled upon the altar to Your holy Son, the Self with which I would identify.",,
314,every_hour,I seek a future different from the past.,"Father, we were mistaken in tI seek a future different from the past.he past, and choose to use the present to be free. Now do we leave the future in Your Hands, leaving behind our past mistakes, and sure that You will keep Your present promises, and guide the future in their holy light.",,
315,every_hour,All gifts my brothers give belong to me.,"I thank You, Father, for the many gifts that come to me today and every day from every Son of God. My brothers are unlimited in all their gifts to me. Now may I offer them my thankfulness, that gratitude to them may lead me on to my Creator and His memory.",,
316,every_hour,All gifts I give my brothers are my own.,"Father, I would accept Your gifts today. I do not recognize them. Yet I trust that You Who gave them will provide the means by which I can behold them, see their worth, and cherish only them as what I want.",,
317,every_hour,I follow in the way appointed me.,"Father, Your way is what I choose today. Where it would lead me do I choose to go; what it would have me do I choose to do. Your way is certain, and the end secure. The memory of You awaits me there. And all my sorrows end in Your embrace, which You have promised to Your Son, who thought mistakenly that he had wandered from the sure protection of Your loving Arms.",,
318,every_hour,In me salvation's means and end are one.,"Let me today, my Father, take the role You offer me in Your request that I accept Atonement for myself. For thus does what is thereby reconciled in me become as surely reconciled to You.",,
319,every_hour,I came for the salvation of the world.,"Father, Your Will is total. And the goal which stems from it shares its totality. What aim but the salvation of the world could You have given me? And what but this could be the Will my Self has shared with You?",,
320,every_hour,My Father gives all power unto me.,"Your Will can do all things in me, and then extend to all the world as well through me. There is no limit on Your Will. And so all power has been given to Your Son.",,
321,every_hour,"Father, my freedom is in You alone.","I did not understand what made me free, nor what my freedom is, nor where to look to find it. Father, I have searched in vain until I heard Your Voice directing me. Now I would guide myself no more. For I have neither made nor understood the way to find my freedom. But I trust in You. You Who endowed me with my freedom as Your holy Son will not be lost to me. Your Voice directs me, and the way to You is opening and clear to me at last. Father, my freedom is in You alone. Father, it is my will that I return.",,
322,every_hour,I can give up but what was never real.,"Father, to You all sacrifice remains forever inconceivable. And so I cannot sacrifice except in dreams. As You created me, I can give up nothing You gave me. What You did not give has no reality. What loss can I anticipate except the loss of fear, and the return of love into my mind?",,
323,every_hour,I gladly make the 'sacrifice' of fear.,"Here is the only 'sacrifice' You ask of Your beloved Son; You ask him to give up all suffering, all sense of loss and sadness, all anxiety and doubt, and freely let Your Love come streaming in to his awareness, healing him of pain, and giving him Your Own eternal joy. Such is the 'sacrifice' You ask of me, and one I gladly make; the only 'cost' of restoration of Your memory to me, for the salvation of the world.",,
324,every_hour,"I merely follow, for I would not lead.","Father, You are the One Who gave the plan for my salvation to me. You have set the way I am to go, the role to take, and every step in my appointed path. I cannot lose the way. I can but choose to wander off a while, and then return. Your loving Voice will always call me back, and guide my feet aright. My brothers all can follow in the way I lead them. Yet I merely follow in the way to You, as You direct me and would have me go.",,
325,every_hour,All things I think I see reflect ideas.,"Our Father, Your ideas reflect the truth, and mine apart from Yours but make up dreams. Let me behold what only Yours reflect, for Yours and Yours alone establish truth.",,
326,every_hour,I am forever an Effect of God.,"Father, I was created in Your Mind, a holy Thought that never left its home. I am forever Your Effect, and You forever and forever are my Cause. As You created me I have remained. Where You established me I still abide. And all Your attributes abide in me, because it is Your Will to have a Son so like his Cause that Cause and Its Effect are indistinguishable. Let me know that I am an Effect of God, and so I have the power to create like You. And as it is in Heaven, so on earth. Your plan I follow here, and at the end I know that You will gather Your effects into the tranquil Heaven of Your Love, where earth will vanish, and all separate thoughts unite in glory as the Son of God.",,
327,every_hour,I need but call and You will answer me.,"Father, I thank You that Your promises will never fail in my experience, if I but test them out. Let me attempt therefore to try them, and to judge them not. Your Word is one with You. You give the means whereby conviction comes, and surety of Your abiding Love is gained at last.",,
328,every_hour,I choose the second place to gain the first.,"There is no will but Yours. And I am glad that nothing I imagine contradicts what You would have me be. It is Your Will that I be wholly safe, eternally at peace. And happily I share that Will which You, my Father, gave as part of me.",,
329,every_hour,I have already chosen what You will.,"Father, I thought I wandered from Your Will, defied it, broke its laws, and interposed a second will more powerful than Yours. Yet what I am in truth is but Your Will, extended and extending. This am I, and this will never change. As You are One, so am I one with You. And this I chose in my creation, where my will became forever one with Yours. That choice was made for all eternity. It cannot change, and be in opposition to itself. Father, my will is Yours. And I am safe, untroubled and serene, in endless joy, because it is Your Will that it be so.",,
330,every_hour,I will not hurt myself again today.,"Father, Your Son can not be hurt. And if we think we suffer, we but fail to know our one Identity we share with You. We would return to It today, to be made free forever from all our mistakes, and to be saved from what we thought we were.",,
331,every_hour,"There is no conflict, for my will is Yours.","How foolish, Father, to believe Your Son could cause himself to suffer! Could he make a plan for his damnation, and be left without a certain way to his release? You love me, Father. You could never leave me desolate, to die within a world of pain and cruelty. How could I think that Love has left Itself? There is no will except the Will of Love. Fear is a dream, and has no will that can conflict with Yours. Conflict is sleep, and peace awakening. Death is illusion; life, eternal truth. There is no opposition to Your Will. There is no conflict, for my will is Yours.",,
332,every_hour,Fear binds the world. Forgiveness sets it free.,"We would not bind the world again today. Fear holds it prisoner. And yet Your Love has given us the means to set it free. Father, we would release it now. For as we offer freedom, it is given us. And we would not remain as prisoners, while You are holding freedom out to us.",,
333,every_hour,Forgiveness ends the dream of conflict here.,"Father, forgiveness is the light You chose to shine away all conflict and all doubt, and light the way for our return to You. No light but this can end our evil dream. No light but this can save the world. For this alone will never fail in anything, being Your gift to Your beloved Son.",,
334,every_hour,Today I claim the gifts forgiveness gives.,"I seek but the eternal. For Your Son can be content with nothing less than this. What, then, can be his solace but what You are offering to his bewildered mind and frightened heart, to give him certainty and bring him peace? Today I would behold my brother sinless. This Your Will for me, for so will I behold my sinlessness.",,
335,every_hour,I choose to see my brother's sinlessness .,"What could restore Your memory to me, except to see my brother's sinlessness? His holiness reminds me that he was created one with me, and like myself. In him I find my Self, and in Your Son I find the memory of You as well.",,
336,every_hour,Forgiveness lets me know that minds are joined.,"In quiet may forgiveness wipe away my dreams of separation and of sin. Then let me, Father, look within, and find Your promise of my sinlessness is kept; Your Word remains unchanged within my mind, Your Love is still abiding in my heart.",,
337,every_hour,My sinlessness protects me from all harm.,"You Who created me in sinlessness are not mistaken about what I am. I was mistaken when I thought I sinned, but I accept Atonement for myself. Father, my dream is ended now. Amen.",,
338,every_hour,I am affected only by my thoughts,"Your plan is sure, my Father,- only Yours. All other plans will fail. And I will have thoughts that will frighten me, until I learn that You have given me the only Thought that leads me to salvation. Mine alone will fail, and lead me nowhere. But the Thought You gave me promises to lead me home, because it holds Your promise to Your Son.",,
339,every_hour,I will receive whatever I request.,"Father, this is Your day. It is a day in which I would do nothing by myself, but hear Your Voice in everything I do; requesting only what You offer me, accepting only Thoughts You share with me.",,
340,every_hour,I can be free of suffering today.,"Father, I thank You for today, and for the freedom I am certain it will bring. This day is holy, for today Your Son will be redeemed. His suffering is done. For he will hear Your Voice directing him to find Christ's vision through forgiveness, and be free forever from all suffering. Thanks for today, my Father. I was born into this world but to achieve this day, and what it holds in joy and freedom for Your holy Son and for the world he made, which is released along with him today.",,
341,every_hour,"I can attack but my own sinlessness, And it is only that which keeps me safe.","Father, Your Son is holy. I am he on whom You smile in love and tenderness so dear and deep and still the universe smiles back on You, and shares Your Holiness. How pure, how safe, how holy, then, are we, abiding in Your Smile, with all Your Love bestowed upon us, living one with You, in brotherhood and Fatherhood complete; in sinlessness so perfect that the Lord of Sinlessness conceives us as His Son, a universe of Thought completing Him.",,
342,every_hour,"I let forgiveness rest upon all things, for thus forgiveness will be given me",,,
343,every_hour,I am not asked to make a sacrifice To find the mercy and the peace of God.,"The end of suffering can not be loss. The gift of everything can be but gain. You only give. You never take away. And You created me to be like You, so sacrifice becomes impossible for me as well as You. I, too, must give. And so all things are given unto me forever and forever. As I was created I remain. Your Son can make no sacrifice, for he must be complete, having the function of completing You. I am complete because I am Your Son. I cannot lose, for I can only give, and everything is mine eternally.",,
344,every_hour,Today I learn the law of love; that what I give my brother is my gift to me.,"This is Your law, my Father, not my own. I have not understood what giving means, and thought to save what I desired for myself alone. And as I looked upon the treasure that I thought I had, I found an empty place where nothing ever was or is or will be. Who can share a dream? And what can an illusion offer me? Yet he whom I forgive will give me gifts beyond the worth of anything on earth. Let my forgiven brothers fill my store with Heaven's treasures, which alone are real. Thus is the law of love fulfilled. And thus Your Son arises and returns to You.",,
345,every_hour,"I offer only miracles today, for I would have them be returned to me.","Father, a miracle reflects Your gifts to me, Your Son. And every one I give returns to me, reminding me the law of love is universal. Even here, it takes a form which can be recognized and seen to work. The miracles I give are given back in just the form I need to help me with the problems I perceive. Father, in Heaven it is different, for there, there are no needs. But here on earth, the miracle is closer to Your gifts than any other gift that I can give. Then let me give this gift alone today, which, born of true forgiveness, lights the way that I must travel to remember You.",,
346,every_hour,"Today the peace of God envelops me, and I forget all things except His Love.","Father, I wake today with miracles correcting my perception of all things. And so begins the day I share with You as I will share eternity, for time has stepped aside today. I do not seek the things of time, and so I will not look upon them. What I seek today transcends all laws of time and things perceived in time. I would forget all things except Your Love. I would abide in You, and know no laws except Your law of love. And I would find the peace which You created for Your Son, forgetting all the foolish toys I made as I behold Your glory and my own.",,
347,every_hour,"Anger must come from judgment. Judgment is the weapon I would use against myself, to keep the miracle away from me.","Father, I want what goes against my will, and do not want what is my will to have. Straighten my mind, my Father. It is sick. But You have offered freedom, and I choose to claim Your gift today. And so I give all judgment to the One You gave to me to judge for me. He sees what I behold, and yet He knows the truth. He looks on pain, and yet He understands it is not real, and in His understanding it is healed. He gives the miracles my dreams would hide from my awareness. Let Him judge today. I do not know my will, but He is sure it is Your Own. And He will speak for me, and call Your miracles to come to me.",,
348,every_hour,"I have no cause for anger or for fear, for You surround me. And in every need that I perceive, Your grace suffices me.","Father, let me remember You are here, and I am not alone. Surrounding me is everlasting Love. I have no cause for anything except the perfect peace and joy I share with You. What need have I for anger or for fear? Surrounding me is perfect safety. Can I be afraid, when Your eternal promise goes with me? Surrounding me is perfect sinlessness. What can I fear, when You created me in holiness as perfect as Your Own?",,
349,every_hour,"Today I let Christ's vision look upon all things for me and judge them not, but give Each one a miracle of love instead.","So would I liberate all things I see, and give to them the freedom that I seek. For thus do I obey the law of love, and give what I would find and make my own. It will be given me, because I have chosen it as the gift I want to give. Father, Your gifts are mine. Each one that I accept gives me a miracle to give. And giving as I would receive, I learn Your healing miracles belong to me.",,
350,every_hour,"Miracles mirror God's eternal Love.  To offer them is to remember Him, and through His memory to save the world.","What we forgive becomes a part of us, as we perceive ourselves. The Son of God incorporates all things within himself as You created him. Your memory depends on his forgiveness. What he is, is unaffected by his thoughts. But what he looks upon is their direct result. Therefore, my Father, I would turn to You. Only Your memory will set me free. And only my forgiveness teaches me to let Your memory return to me, and give it to the world in thankfulness.",,
351,every_hour,My sinless brother is my guide to peace. My sinful brother is my guide to pain. And which I choose to see I will behold.,"Who is my brother but Your holy Son? And if I see him sinful I proclaim myself a sinner, not a Son of God; alone and friendless in a fearful world. Yet this perception is a choice I make, and can relinquish. I can also see my brother sinless, as Your holy Son. And with this choice I see my sinlessness, my everlasting Comforter and Friend beside me, and my way secure and clear. Choose, then, for me, my Father, through Your Voice. For He alone gives judgment in Your Name.",,
352,every_hour,Judgment and love are opposites. From one Come all the sorrows of the world. But from the other comes the peace of God Himself.,"Forgiveness looks on sinlessness alone, and judges not. Through this I come to You. Judgment will bind my eyes and make me blind. Yet love, reflected in forgiveness here, reminds me You have given me a way to find Your peace again. I am redeemed when I elect to follow in this way. You have not left me comfortless. I have within me both the memory of You, and One Who leads me to it. Father, I would hear Your Voice and find Your peace today. For I would love my own Identity, and find in It the memory of You.",,
353,every_hour,"My eyes, my tongue, my hands, my feet today have but one purpose; to be given Christ to use to bless the world with miracles.","Father, I give all that is mine today to Christ, to use in any way that best will serve the purpose that I share with Him. Nothing is mine alone, for He and I have joined in purpose. Thus has learning come almost to its appointed end. A while I work with Him to serve His purpose. Then I lose myself in my Identity, and recognize that Christ is but my Self.",,
354,every_hour,"We stand together, Christ and I, in peace and certainty of purpose. And in Him is His Creator, as He is in me.","My oneness with the Christ establishes me as Your Son, beyond the reach of time, and wholly free of every law but Yours. I have no self except the Christ in me. I have no purpose but His Own. And He is like His Father. Thus must I be one with You as well as Him. For who is Christ except Your Son as You created Him? And what am I except the Christ in me?",,
355,every_hour,"There is no end to all the peace and joy, and all the miracles that I will give, when I accept God's Word. Why not today?","Why should I wait, my Father, for the joy You promised me? For You will keep Your Word You gave Your Son in exile. I am sure my treasure waits for me, and I need but reach out my hand to find it. Even now my fingers touch it. It is very close. I need not wait an instant more to be at peace forever. It is You I choose, and my Identity along with You. Your Son would be Himself, and know You as his Father and Creator, and his Love.",,
356,every_hour,Sickness is but another name for sin. Healing is but another name for God. The miracle is thus a call to Him.,"Father, You promised You would never fail to answer any call Your Son might make to You. It does not matter where he is, what seems to be his problem, nor what he believes he has become. He is Your Son, and You will answer him. The miracle reflects Your Love, and thus it answers him. Your Name replaces every thought of sin, and who is sinless cannot suffer pain. Your Name gives answer to Your Son, because to call Your Name is but to call his own.",,
357,every_hour,"Truth answers every call we make to God, responding first with miracles, and then returning unto us to be itself.","Forgiveness, truth's reflection, tells me how to offer miracles, and thus escape the prison house in which I think I live. Your holy Son is pointed out to me, first in my brother; then in me. Your Voice instructs me patiently to hear Your Word, and give as I receive. And as I look upon Your Son today, I hear Your Voice instructing me to find the way to You, as You appointed that the way shall be:'Behold his sinlessness, and be you healed.'",,
358,every_hour,No call to God can be unheard nor left unanswered. And of this I can be sure; His answer is the one I really want.,"You Who remember what I really am alone remember what I really want. You speak for God, and so You speak for me. And what You give me comes from God Himself. Your Voice, my Father, then is mine as well, and all I want is what You offer me, in just the form You choose that it be mine. Let me remember all I do not know, and let my voice be still, remembering. But let me not forget Your Love and care, keeping Your promise to Your Son in my awareness always. Let me not forget myself is nothing, but my Self is all.",,
359,every_hour,God's answer is some form of peace. All pain is healed; all misery replaced with joy. All prison doors are opened. And all sin is understood as merely a mistake.,"Father, today we will forgive Your world, and let creation be Your Own. We have misunderstood all things. But we have not made sinners of the holy Sons of God. What You created sinless so abides forever and forever. Such are we. And we rejoice to learn that we have made mistakes which have no real effects on us. Sin is impossible, and on this fact forgiveness rests upon a certain base more solid than the shadow world we see. Help us forgive, for we would be redeemed. Help us forgive, for we would be at peace.",,
360,every_hour,"Peace be to me, the holy Son of God. Peace to my brother, who is one with me. Let all the world be blessed with peace through us.","Father, it is Your peace that I would give, receiving it of You. I am Your Son, forever just as You created me, for the Great Rays remain forever still and undisturbed within me. I would reach to them in silence and in certainty, for nowhere else can certainty be found. Peace be to me, and peace to all the world. In holiness were we created, and in holiness do we remain. Your Son is like to You in perfect sinlessness. And with this thought we gladly say 'Amen.'",,
361,every_hour,"This holy instant would I give to You. Be You in charge. For I would follow You, certain that Your direction gives me peace.","And if I need a word to help me, He will give it to me. If I need a thought, that will He also give. And if I need but stillness and a tranquil, open mind, these are the gifts I will receive of Him. He is in charge by my request. And He will hear and answer me, because He speaks for God my Father and His holy Son.",,
362,every_hour,"This holy instant would I give to You. Be You in charge. For I would follow You, certain that Your direction gives me peace.","And if I need a word to help me, He will give it to me. If I need a thought, that will He also give. And if I need but stillness and a tranquil, open mind, these are the gifts I will receive of Him. He is in charge by my request. And He will hear and answer me, because He speaks for God my Father and His holy Son.",,
363,every_hour,"This holy instant would I give to You. Be You in charge. For I would follow You, certain that Your direction gives me peace.","And if I need a word to help me, He will give it to me. If I need a thought, that will He also give. And if I need but stillness and a tranquil, open mind, these are the gifts I will receive of Him. He is in charge by my request. And He will hear and answer me, because He speaks for God my Father and His holy Son.",,
364,every_hour,"This holy instant would I give to You. Be You in charge. For I would follow You, certain that Your direction gives me peace.","And if I need a word to help me, He will give it to me. If I need a thought, that will He also give. And if I need but stillness and a tranquil, open mind, these are the gifts I will receive of Him. He is in charge by my request. And He will hear and answer me, because He speaks for God my Father and His holy Son.",,
365,every_hour,"This holy instant would I give to You. Be You in charge. For I would follow You, certain that Your direction gives me peace.","And if I need a word to help me, He will give it to me. If I need a thought, that will He also give. And if I need but stillness and a tranquil, open mind, these are the gifts I will receive of Him. He is in charge by my request. And He will hear and answer me, because He speaks for God my Father and His holy Son.",,